{
    "uid": "8bea6f33-bc43-4306-ae33-451a56cedc44",
    "name": "4_Linear",
    "preprocessing": [
        {
            "scale": [
                {
                    "scale": [
                        4.952704934592494,
                        11.922425908074203,
                        1.6357900537282857,
                        0.9644413338126987,
                        94.35756450543813,
                        4.8704851213031155,
                        0.7372397549423135,
                        0.6136384253123458,
                        0.6421852397157499,
                        14.669111564681312
                    ],
                    "mean": [
                        9.441696113074205,
                        1990.8939929328621,
                        36.33657243816254,
                        22.963074204946995,
                        205.87190812720848,
                        76.44964664310955,
                        1.7997349823321556,
                        3.9104240282685514,
                        6.774113361060071,
                        17.50530035335689
                    ],
                    "var": [
                        24.529286169136835,
                        142.14423953351897,
                        2.6758090998763877,
                        0.9301470863664173,
                        8903.349979397919,
                        23.721625316835024,
                        0.5435224562674025,
                        0.37655211701981545,
                        0.41240188210877515,
                        215.182834097067
                    ],
                    "n_samples_seen": 283,
                    "n_features_in": 10,
                    "columns": [
                        "District",
                        "Year",
                        "Max_Temp",
                        "Min_Temp",
                        "Rainfall",
                        "Humidity",
                        "Wind",
                        "Cloud",
                        "Sunshine",
                        "ALT"
                    ],
                    "scale_method": "scale_normal"
                }
            ],
            "scale_y": {
                "scale": [
                    0.267414089071096
                ],
                "mean": [
                    1.457804482460213
                ],
                "var": [
                    0.07151029503372405
                ],
                "n_samples_seen": 283,
                "n_features_in": 1,
                "columns": [
                    "target"
                ],
                "scale_method": "scale_log_and_normal",
                "X_min_values": [
                    0.039931741
                ]
            },
            "ml_task": "regression",
            "params": {
                "columns_preprocessing": {
                    "District": [
                        "scale_normal"
                    ],
                    "Year": [
                        "scale_normal"
                    ],
                    "Max_Temp": [
                        "scale_normal"
                    ],
                    "Min_Temp": [
                        "scale_normal"
                    ],
                    "Rainfall": [
                        "scale_normal"
                    ],
                    "Humidity": [
                        "scale_normal"
                    ],
                    "Wind": [
                        "scale_normal"
                    ],
                    "Cloud": [
                        "scale_normal"
                    ],
                    "Sunshine": [
                        "scale_normal"
                    ],
                    "ALT": [
                        "scale_normal"
                    ]
                },
                "target_preprocessing": [
                    "na_exclude",
                    "scale_log_and_normal"
                ],
                "ml_task": "regression"
            }
        }
    ],
    "learners": [
        {
            "library_version": "0.24.2",
            "algorithm_name": "Linear Regression",
            "algorithm_short_name": "Linear",
            "uid": "c1e0f769-615c-4914-9523-e648033098b0",
            "params": {
                "model_type": "Linear",
                "ml_task": "regression",
                "n_jobs": -1,
                "seed": 1235,
                "explain_level": 0
            },
            "name": "learner_fold_0"
        }
    ],
    "params": {
        "additional": {
            "max_steps": 1,
            "max_rows_limit": null,
            "max_cols_limit": null
        },
        "preprocessing": {
            "columns_preprocessing": {
                "District": [
                    "scale_normal"
                ],
                "Year": [
                    "scale_normal"
                ],
                "Max_Temp": [
                    "scale_normal"
                ],
                "Min_Temp": [
                    "scale_normal"
                ],
                "Rainfall": [
                    "scale_normal"
                ],
                "Humidity": [
                    "scale_normal"
                ],
                "Wind": [
                    "scale_normal"
                ],
                "Cloud": [
                    "scale_normal"
                ],
                "Sunshine": [
                    "scale_normal"
                ],
                "ALT": [
                    "scale_normal"
                ]
            },
            "target_preprocessing": [
                "na_exclude",
                "scale_log_and_normal"
            ],
            "ml_task": "regression"
        },
        "validation_strategy": {
            "validation_type": "split",
            "train_ratio": 0.9,
            "shuffle": true,
            "X_path": "AutoML_classifier/Jute/X.data",
            "y_path": "AutoML_classifier/Jute/y.data",
            "results_path": "AutoML_classifier/Jute"
        },
        "learner": {
            "model_type": "Linear",
            "ml_task": "regression",
            "n_jobs": -1,
            "seed": 1235,
            "explain_level": 0
        },
        "automl_random_state": 1234,
        "ml_task": "regression",
        "explain_level": 0,
        "name": "4_Linear",
        "status": "initialized",
        "final_loss": null,
        "train_time": null,
        "data_type": "original",
        "max_time_for_learner": 60
    },
    "saved": [
        "4_Linear/learner_fold_0.linear"
    ],
    "predictions_fname": "4_Linear/predictions_validation.csv",
    "metric_name": "rmse",
    "final_loss": 0.6563665767956552,
    "train_time": 0.28541040420532227,
    "is_stacked": false
}